[
  {"city_id":"us_washington_dc","city":"Washington","region":"DC","country":"United States","country_code":"US"},
  {"city_id":"us_alexandria_va","city":"Alexandria","region":"VA","country":"United States","country_code":"US"},
  {"city_id":"us_silver_spring_md","city":"Silver Spring","region":"MD","country":"United States","country_code":"US"},
  {"city_id":"us_seattle_wa","city":"Seattle","region":"WA","country":"United States","country_code":"US"},
  {"city_id":"us_dallas_tx","city":"Dallas","region":"TX","country":"United States","country_code":"US"},
  {"city_id":"us_houston_tx","city":"Houston","region":"TX","country":"United States","country_code":"US"},
  {"city_id":"us_minneapolis_mn","city":"Minneapolis","region":"MN","country":"United States","country_code":"US"},
  {"city_id":"us_st_paul_mn","city":"Saint Paul","region":"MN","country":"United States","country_code":"US"},
  {"city_id":"us_atlanta_ga","city":"Atlanta","region":"GA","country":"United States","country_code":"US"},
  {"city_id":"us_los_angeles_ca","city":"Los Angeles","region":"CA","country":"United States","country_code":"US"},
  {"city_id":"us_san_diego_ca","city":"San Diego","region":"CA","country":"United States","country_code":"US"},
  {"city_id":"us_san_jose_ca","city":"San Jose","region":"CA","country":"United States","country_code":"US"},
  {"city_id":"us_aurora_co","city":"Aurora","region":"CO","country":"United States","country_code":"US"},
  {"city_id":"us_chicago_il","city":"Chicago","region":"IL","country":"United States","country_code":"US"},
  {"city_id":"us_philadelphia_pa","city":"Philadelphia","region":"PA","country":"United States","country_code":"US"},
  {"city_id":"us_las_vegas_nv","city":"Las Vegas","region":"NV","country":"United States","country_code":"US"},
  {"city_id":"us_phoenix_az","city":"Phoenix","region":"AZ","country":"United States","country_code":"US"},
  {"city_id":"us_new_york_ny","city":"New York","region":"NY","country":"United States","country_code":"US"},

  {"city_id":"ca_toronto_on","city":"Toronto","region":"ON","country":"Canada","country_code":"CA"},
  {"city_id":"ca_calgary_ab","city":"Calgary","region":"AB","country":"Canada","country_code":"CA"},
  {"city_id":"ca_edmonton_ab","city":"Edmonton","region":"AB","country":"Canada","country_code":"CA"},
  {"city_id":"ca_ottawa_on","city":"Ottawa","region":"ON","country":"Canada","country_code":"CA"},
  {"city_id":"ca_winnipeg_mb","city":"Winnipeg","region":"MB","country":"Canada","country_code":"CA"},

  {"city_id":"il_netanya","city":"Netanya","region":"","country":"Israel","country_code":"IL"},
  {"city_id":"il_beer_sheva","city":"Beer Sheva","region":"","country":"Israel","country_code":"IL"},
  {"city_id":"il_rishon_lezion","city":"Rishon LeZion","region":"","country":"Israel","country_code":"IL"},
  {"city_id":"il_ashkelon","city":"Ashkelon","region":"","country":"Israel","country_code":"IL"},
  {"city_id":"il_petah_tikva","city":"Petah Tikva","region":"","country":"Israel","country_code":"IL"},
  {"city_id":"il_rehovot","city":"Rehovot","region":"","country":"Israel","country_code":"IL"},
  {"city_id":"il_ashdod","city":"Ashdod","region":"","country":"Israel","country_code":"IL"},
  {"city_id":"il_kiryat_gat","city":"Kiryat Gat","region":"","country":"Israel","country_code":"IL"},
  {"city_id":"il_jerusalem","city":"Jerusalem","region":"","country":"Israel","country_code":"IL"},
  {"city_id":"il_haifa","city":"Haifa","region":"","country":"Israel","country_code":"IL"},

  {"city_id":"gb_london","city":"London","region":"","country":"United Kingdom","country_code":"GB"},
  {"city_id":"se_stockholm","city":"Stockholm","region":"","country":"Sweden","country_code":"SE"},
  {"city_id":"se_gothenburg","city":"Gothenburg","region":"","country":"Sweden","country_code":"SE"},
  {"city_id":"se_malmo","city":"Malmo","region":"","country":"Sweden","country_code":"SE"},
  {"city_id":"no_oslo","city":"Oslo","region":"","country":"Norway","country_code":"NO"},
  {"city_id":"ch_zurich","city":"Zurich","region":"","country":"Switzerland","country_code":"CH"},
  {"city_id":"ch_geneva","city":"Geneva","region":"","country":"Switzerland","country_code":"CH"},
  {"city_id":"de_frankfurt","city":"Frankfurt","region":"","country":"Germany","country_code":"DE"},
  {"city_id":"it_milan","city":"Milan","region":"","country":"Italy","country_code":"IT"},
  {"city_id":"nl_amsterdam","city":"Amsterdam","region":"","country":"Netherlands","country_code":"NL"},

  {"city_id":"sa_riyadh","city":"Riyadh","region":"","country":"Saudi Arabia","country_code":"SA"},
  {"city_id":"sa_jeddah","city":"Jeddah","region":"","country":"Saudi Arabia","country_code":"SA"},
  {"city_id":"ae_dubai","city":"Dubai","region":"","country":"United Arab Emirates","country_code":"AE"},
  {"city_id":"ae_abu_dhabi","city":"Abu Dhabi","region":"","country":"United Arab Emirates","country_code":"AE"},
  {"city_id":"qa_doha","city":"Doha","region":"","country":"Qatar","country_code":"QA"},

  {"city_id":"et_addis_ababa","city":"Addis Ababa","region":"","country":"Ethiopia","country_code":"ET"},
  {"city_id":"er_asmara","city":"Asmara","region":"","country":"Eritrea","country_code":"ER"}
]
